[1,["ecpdLyjvZBwrvm+cedCcQy","f0BIwQ8D5Ml7nTNQbh1YlS","71VhFCTINJM6/Ky3oX9nBT","beCtVbbZZMAqrcns/k837d","7eFChIsJtJZpznpL27VRaJ","814Di0N+JPEZF/+KaW/LMg","e97GVMl6JHh5Ml5qEDdSGa","29FYIk+N1GYaeWH/q1NxQO","b4P/PCArtIdIH38t6mlw8Y","e8Ueib+qJEhL6mXAHdnwbi"],["node","_parent","scene","_textureSetter","sceneWv","SceneGameMain","sceneGameMini","btnAccept","prgBar","lbMsg","versionLabel","_N$normalSprite","_N$pressedSprite","_N$hoverSprite","_N$disabledSprite","webview"],[["cc.Node",["_name","_id","_objFlags","_components","_contentSize","_trs","_parent","_children"],0,9,5,7,1,2],["cc.Widget",["_alignFlags","_originalWidth","_right","_bottom","_originalHeight","alignMode","_left","_top","node"],-5,1],"cc.SpriteFrame","cc.Texture2D",["cc.Node",["_name","_active","_parent","_components","_contentSize","_trs","_children","_anchorPoint"],1,1,12,5,7,2,5],["cc.Node",["_name","_active","_parent","_components","_contentSize","_trs","_children","_anchorPoint"],1,1,2,5,7,2,5],["cc.Canvas",["_fitWidth","_fitHeight","node","_designResolution"],1,1,5],["cc.Scene",["_name","_active","_children","_anchorPoint","_trs"],1,2,5,7],["cc.Label",["_N$horizontalAlign","_N$verticalAlign","_enabled","node","_materials"],0,1,3],["cc.SceneAsset",["_name","asyncLoadAssets"],1],["3383eWq3qRERZmZo8sdLbXH",["packageName","listDMBK","node","sceneWv","SceneGameMain","sceneGameMini"],1,1,6,6,6],["cc.Camera",["_clearFlags","_depth","node"],1,1],["a263fCqM6NF4bW58NJ7XOsO",["versionFirst","node","versionLabel","lbMsg","prgBar","btnAccept"],2,1,1,1,1,1],["cc.Sprite",["_type","_sizeMode","node","_materials"],1,1,3],["cc.ProgressBar",["_N$totalLength","_N$progress","node","_N$barSprite"],1,1,1],["cc.Button",["_N$transition","node","clickEvents","_N$normalColor","_N$pressedColor","_N$disabledColor","_N$target"],2,1,9,5,5,5,1],["cc.ClickEvent",["_componentId","handler","target"],1,1],["0fecbrjR01G+JUlY9bvZI0R",["node","webview"],3,1,1],["cc.WebView",["node"],3,1]],[[9,0,1,3],[0,0,1,7,3,4,5,3],[1,0,8,2],[11,0,1,2,3],[7,0,2,3,4,2],[13,0,1,2,3,3],[0,0,6,3,2],[6,2,3,1],[6,0,1,2,3,3],[0,0,6,3,5,2],[0,0,7,3,4,2],[0,0,2,3,4,5,3],[0,0,6,3,4,2],[4,0,2,6,3,4,5,2],[4,0,1,2,3,4,7,5,3],[4,0,2,3,4,2],[5,0,1,2,6,3,4,5,3],[5,0,2,3,4,7,5,2],[5,0,2,3,4,5,2],[1,0,1,8,3],[1,5,0,6,2,7,3,1,4,8,9],[1,0,2,3,8,4],[1,0,1,4,8,4],[10,0,1,2,3,4,5,3],[7,0,1,2,3,4,3],[12,0,1,2,3,4,5,2],[14,0,1,2,3,3],[8,0,1,3,4,3],[8,2,0,1,3,4,4],[15,0,1,2,3,4,5,6,2],[16,0,1,2,3],[17,0,1,1],[18,0,1]],[[[{"name":"default_btn_disabled","rect":[0,0,40,40],"offset":[0,0],"originalSize":[40,40],"capInsets":[12,12,12,12]}],[2],0,[0],[3],[2]],[[[0,"Mz.Main",null],[1,"Canvas","c98EPmzLpGNovDXvrP6VSd",[-4],[[7,-1,[5,1920,1080]],[19,45,1280,-2],[23,"GGG",["https://raw.githubusercontent.com/Sabizerz/config_traintrackpuzzle/main/"],-3,0,1,2]],[5,1920,1080],[960,540,0,0,0,0,1,1,1,1]],[4,"New Node",[1],[0,0,0],[0,0,0,0,0,0,1,1,1,1]],[9,"Main Camera",1,[[3,7,-1,-5]],[0,0,478.9120482927946,0,0,0,1,1,1,1]]],0,[0,0,1,0,0,1,0,0,1,0,-1,3,0,0,3,0,2,2,1,1,2,5],[0,0,0],[4,5,6],[3,4,5]],[["0,9729,9729,33071,33071,0,0,1",-1],[3],0,[],[],[]],[[[0,"Mz.Load",null],[10,"AutoHotUpdateGame",[-7,-8,-9,-10],[[2,45,-1],[25,"0",-6,-5,-4,-3,-2]],[5,1080,1920]],[1,"Canvas","a5esZu+45LA5mBpvttspPD",[-13,1],[[8,true,false,-11,[5,1080,1920]],[2,45,-12]],[5,1080,1920],[540,960,0,0,0,0,1,1,1,1]],[13,"progressBar",1,[-16],[[[5,1,2,-14,[1]],-15],4,1],[5,600,15],[9.325,-152.309,0,0,0,0,1,1,1,1]],[11,"Background",512,[[5,1,2,-17,[4]],[20,0,45,4.5,4.5,1.4999999999999716,1.4999999999999716,100,40,-18]],[5,91,37],[0,0,0,0,0,0,1,1,1,0]],[14,"lbVersion",false,1,[[-19,[21,36,7.719000000000001,22.52800000000002,-20]],1,4],[5,0,50.4],[0,1,0.5],[632.281,-312.272,0,0,0,0,1,1,1,1]],[16,"buttonAccept",false,1,[4],[-21],[5,100,39.99999999999994],[-1.7419999999999618,-284.91100000000006,0,0,0,0,1,1,1,1]],[24,"New Node",false,[2],[0,0,0],[0,0,0,0,0,0,1,1,1,1]],[6,"Main Camera",2,[[3,7,-1,-22]]],[17,"bar",3,[-23],[5,0,9],[0,0,0.5],[-297.522,-0.294,0,0,0,0,1,1,1,1]],[5,1,0,9,[0]],[26,592,0,3,10],[18,"lbMsg",1,[-24],[5,0,50.4],[3.208,-211.159,0,0,0,0,1,1,1,1]],[27,1,1,12,[2]],[28,false,2,1,5,[3]],[29,3,6,[[30,"c888bJGW1tL8Z8rfDEAoz8t","onClickConfirm",1]],[4,4293322470],[4,4291348680],[4,3363338360],4]],0,[0,0,1,0,7,15,0,8,11,0,9,13,0,10,14,0,0,1,0,-1,3,0,-2,12,0,-3,5,0,-4,6,0,0,2,0,0,2,0,-1,8,0,0,3,0,-2,11,0,-1,9,0,0,4,0,0,4,0,-1,14,0,0,5,0,-1,15,0,0,8,0,-1,10,0,-1,13,0,2,7,1,1,2,2,1,7,4,1,6,24],[0,0,0,0,0,15,15,15,15],[-1,-1,-1,-1,-1,11,12,13,14],[0,0,0,0,0,1,6,1,7]],[[[0,"Mz.Mini",null],[1,"Canvas","a5esZu+45LA5mBpvttspPD",[-3],[[8,true,false,-1,[5,1080,1920]],[2,45,-2]],[5,1080,1920],[540,960,0,0,0,0,1,1,1,1]],[4,"New Node",[1],[0,0,0],[0,0,0,0,0,0,1,1,1,1]],[12,"Main Camera",1,[[3,7,-1,-4]],[5,960,640]]],0,[0,0,1,0,0,1,0,-1,3,0,0,3,0,2,2,1,1,2,4],[],[],[]],[["0,9729,9729,33071,33071,0,0,1",-1],[3],0,[],[],[]],[[[0,"Mz.WV",null],[1,"Canvas","a5esZu+45LA5mBpvttspPD",[-5,-6],[[7,-1,[5,1920,1080]],[2,45,-2],[31,-4,-3]],[5,1920,1080],[960,540,0,0,0,0,1,1,1,1]],[15,"New WebView",1,[[-7,[22,45,1080,1920,-8]],1,4],[5,1920,1080]],[4,"New Node",[1],[0,0,0],[0,0,0,0,0,0,1,1,1,1]],[6,"Main Camera",1,[[3,7,-1,-9]]],[32,2]],0,[0,0,1,0,0,1,0,15,5,0,0,1,0,-1,4,0,-2,2,0,-1,5,0,0,2,0,0,4,0,2,3,1,1,3,9],[],[],[]],[["0,9729,9729,33071,33071,0,0,1",-1],[3],0,[],[],[]],[[{"name":"default_btn_pressed","rect":[0,0,40,40],"offset":[0,0],"originalSize":[40,40],"capInsets":[12,12,12,12]}],[2],0,[0],[3],[8]],[[{"name":"default_btn_normal","rect":[0,0,40,40],"offset":[0,0],"originalSize":[40,40],"capInsets":[12,12,12,12]}],[2],0,[0],[3],[9]]]]